<?xml version='1.0' encoding='utf-8'?>
<!DOCTYPE hibernate-configuration PUBLIC
        "-//Hibernate/Hibernate Configuration DTD//EN"
        "http://www.hibernate.org/dtd/hibernate-configuration-3.0.dtd">
<hibernate-configuration>
    <session-factory>
        <property name="connection.url">jdbc:mysql://120.79.158.55:13306/deep</property>
        <property name="connection.driver_class">com.mysql.jdbc.Driver</property>
        <mapping class="com.dance.entity.TblDanceCrew"/>
        <mapping class="com.dance.entity.TblDanceEvent"/>
        <mapping class="com.dance.entity.TblDanceAttach"/>
        <mapping class="com.dance.entity.TblDanceStudio"/>
        <mapping class="com.dance.entity.TblDanceStyle"/>
        <mapping class="com.dance.entity.TblDanceUser"/>
        <mapping class="com.dance.entity.TblDanceUserCrewRelation"/>
        <mapping class="com.dance.entity.TblDanceUserEventRelation"/>
        <mapping class="com.dance.entity.TblDanceUserStudioRelation"/>
        <mapping class="com.dance.entity.TblDanceUserStyleRelation"/>

        <!-- <property name="connection.username"/> -->
        <!-- <property name="connection.password"/> -->

        <!-- DB schema will be updated if needed -->
        <!-- <property name="hbm2ddl.auto">update</property> -->
    </session-factory>
</hibernate-configuration>